Task_ID,Priority_Level,Required_Man_Hours,Total_Cost,Status
TSK_016,2,12,3336,Approved & Allocated
TSK_139,2,12,3456,Approved & Allocated
TSK_065,3,13,5317,Approved & Allocated
TSK_023,2,11,3685,Approved & Allocated
TSK_051,3,11,5588,Approved & Allocated
TSK_081,3,17,5610,Approved & Allocated
TSK_066,2,11,3795,Approved & Allocated
TSK_140,3,10,5870,Approved & Allocated
TSK_098,2,10,4090,Approved & Allocated
TSK_120,3,17,6341,Approved & Allocated
TSK_057,3,17,7038,Approved & Allocated
TSK_069,2,13,4706,Approved & Allocated
TSK_113,2,14,4858,Approved & Allocated
TSK_042,3,18,7902,Approved & Allocated
TSK_118,2,16,5536,Approved & Allocated
TSK_077,3,23,8326,Approved & Allocated
TSK_141,3,14,8526,Approved & Allocated
TSK_018,1,11,2882,Approved & Allocated
TSK_121,3,21,9156,Approved & Allocated
TSK_008,3,28,9660,Approved & Allocated
TSK_049,2,18,6570,Approved & Allocated
TSK_096,3,24,10104,Approved & Allocated
TSK_103,2,10,6880,Approved & Allocated
TSK_072,3,35,10535,Approved & Allocated
TSK_146,2,18,7200,Approved & Allocated
TSK_067,2,15,7230,Approved & Allocated
TSK_061,3,26,10946,Approved & Allocated
TSK_034,2,25,7325,Approved & Allocated
TSK_105,2,17,7361,Approved & Allocated
TSK_003,2,24,7488,Approved & Allocated
TSK_095,3,38,11476,Approved & Allocated
TSK_083,3,32,11584,Approved & Allocated
TSK_086,3,25,11725,Approved & Allocated
TSK_119,2,18,8100,Approved & Allocated
TSK_045,2,13,8138,Approved & Allocated
TSK_005,2,17,8160,Approved & Allocated
TSK_138,2,23,8671,Approved & Allocated
TSK_108,3,26,13104,Approved & Allocated
TSK_026,2,21,8799,Approved & Allocated
TSK_033,3,37,13209,Approved & Allocated
TSK_134,1,10,4480,Approved & Allocated
TSK_019,3,33,13497,Approved & Allocated
TSK_027,2,31,9114,Approved & Allocated
TSK_109,2,17,9231,Approved & Allocated
TSK_015,3,33,13860,Approved & Allocated
TSK_010,2,20,9420,Approved & Allocated
TSK_035,3,24,14136,Approved & Allocated
TSK_040,2,16,9552,Approved & Allocated
TSK_007,3,48,14448,Approved & Allocated
TSK_082,2,23,10028,Approved & Allocated
TSK_012,3,33,15840,Approved & Allocated
TSK_147,3,24,15936,Approved & Allocated
TSK_100,2,16,10640,Approved & Allocated
TSK_088,3,27,15984,Approved & Allocated
TSK_002,3,38,16264,Approved & Allocated
TSK_087,3,54,16362,Approved & Allocated
TSK_080,3,24,16536,Deferred / Unallocated
TSK_085,2,30,11370,Deferred / Unallocated
TSK_044,3,27,17118,Deferred / Unallocated
TSK_143,2,23,11868,Deferred / Unallocated
TSK_046,3,34,18088,Deferred / Unallocated
TSK_131,2,31,12276,Deferred / Unallocated
TSK_084,2,49,12299,Deferred / Unallocated
TSK_055,1,16,6176,Deferred / Unallocated
TSK_094,3,50,18950,Deferred / Unallocated
TSK_125,2,32,12704,Deferred / Unallocated
TSK_014,3,49,19208,Deferred / Unallocated
TSK_011,2,20,13120,Deferred / Unallocated
TSK_142,2,35,13230,Deferred / Unallocated
TSK_038,1,12,6960,Deferred / Unallocated
TSK_032,2,51,14127,Deferred / Unallocated
TSK_132,2,36,14292,Deferred / Unallocated
TSK_041,2,30,14400,Deferred / Unallocated
TSK_117,2,37,14541,Deferred / Unallocated
TSK_013,3,45,21870,Deferred / Unallocated
TSK_068,3,51,21879,Deferred / Unallocated
TSK_092,3,34,22168,Deferred / Unallocated
TSK_030,3,58,22214,Deferred / Unallocated
TSK_090,2,33,15642,Deferred / Unallocated
TSK_047,2,23,15985,Deferred / Unallocated
TSK_028,2,53,16483,Deferred / Unallocated
TSK_126,2,33,16533,Deferred / Unallocated
TSK_039,2,46,17342,Deferred / Unallocated
TSK_112,3,42,26082,Deferred / Unallocated
TSK_052,2,29,17632,Deferred / Unallocated
TSK_089,3,56,26488,Deferred / Unallocated
TSK_017,1,31,8835,Deferred / Unallocated
TSK_058,3,56,26544,Deferred / Unallocated
TSK_101,1,18,8928,Deferred / Unallocated
TSK_062,2,45,18045,Deferred / Unallocated
TSK_071,2,27,18657,Deferred / Unallocated
TSK_102,2,33,18909,Deferred / Unallocated
TSK_031,2,36,19188,Deferred / Unallocated
TSK_124,3,57,28956,Deferred / Unallocated
TSK_130,3,49,29155,Deferred / Unallocated
TSK_056,3,53,30051,Deferred / Unallocated
TSK_093,2,54,20250,Deferred / Unallocated
TSK_064,3,49,30527,Deferred / Unallocated
TSK_009,2,32,20384,Deferred / Unallocated
TSK_079,2,57,20634,Deferred / Unallocated
TSK_048,2,59,21830,Deferred / Unallocated
TSK_063,3,59,33276,Deferred / Unallocated
TSK_091,2,35,22190,Deferred / Unallocated
TSK_060,1,23,11109,Deferred / Unallocated
TSK_043,2,48,22752,Deferred / Unallocated
TSK_114,2,51,22797,Deferred / Unallocated
TSK_129,3,53,34556,Deferred / Unallocated
TSK_074,2,43,23392,Deferred / Unallocated
TSK_029,2,34,23460,Deferred / Unallocated
TSK_104,2,53,23956,Deferred / Unallocated
TSK_075,1,19,12065,Deferred / Unallocated
TSK_149,1,35,12180,Deferred / Unallocated
TSK_059,2,44,24464,Deferred / Unallocated
TSK_135,2,44,24508,Deferred / Unallocated
TSK_106,1,33,12276,Deferred / Unallocated
TSK_145,2,36,24588,Deferred / Unallocated
TSK_122,2,43,24725,Deferred / Unallocated
TSK_123,2,42,25116,Deferred / Unallocated
TSK_137,3,56,37688,Deferred / Unallocated
TSK_097,2,54,25218,Deferred / Unallocated
TSK_111,2,44,25256,Deferred / Unallocated
TSK_107,1,20,13000,Deferred / Unallocated
TSK_148,1,24,13128,Deferred / Unallocated
TSK_025,1,42,13230,Deferred / Unallocated
TSK_073,2,53,27401,Deferred / Unallocated
TSK_078,1,40,14000,Deferred / Unallocated
TSK_076,2,45,28620,Deferred / Unallocated
TSK_006,1,30,14700,Deferred / Unallocated
TSK_036,2,56,29960,Deferred / Unallocated
TSK_001,2,48,30192,Deferred / Unallocated
TSK_099,1,34,15198,Deferred / Unallocated
TSK_020,2,53,30528,Deferred / Unallocated
TSK_136,2,46,30636,Deferred / Unallocated
TSK_004,2,52,31252,Deferred / Unallocated
TSK_024,1,30,15990,Deferred / Unallocated
TSK_053,1,37,16539,Deferred / Unallocated
TSK_144,2,48,33120,Deferred / Unallocated
TSK_050,1,35,16870,Deferred / Unallocated
TSK_021,1,39,17004,Deferred / Unallocated
TSK_037,2,53,36835,Deferred / Unallocated
TSK_054,2,56,36960,Deferred / Unallocated
TSK_070,1,38,21546,Deferred / Unallocated
TSK_022,1,47,23124,Deferred / Unallocated
TSK_110,1,44,23276,Deferred / Unallocated
TSK_116,1,50,24450,Deferred / Unallocated
TSK_150,1,51,26112,Deferred / Unallocated
TSK_133,1,44,26444,Deferred / Unallocated
TSK_128,1,44,29436,Deferred / Unallocated
TSK_115,1,48,30912,Deferred / Unallocated
TSK_127,1,46,31832,Deferred / Unallocated
